{
  "weights": {
    "alpha1": -0.0002859633218186156,
    "alpha2": -0.016434511109907506,
    "alpha3": 0.015375813377438622,
    "alpha4": 0.003266573441308046,
    "alpha5": -2.2122579123106876e-8,
    "alpha6": -0.050512307358419585,
    "alpha12": -0.00015173260547519788,
    "alpha13": 7.43017211585924e-6,
    "alpha14": 1.2598444334605871e-5,
    "alpha15": -0.0041349134378082094,
    "alpha54": 0.008064858089356057,
    "alphaExt1": 1.8893438424629725,
    "alphaExt2": 1.2547970829900361,
    "alphaExt3": 0.4803946976771199,
    "alphaExt4": 0.07598158968437589,
    "alphaExt5": -0.7419896773289881,
    "alphaExt6": -1.5553069867804084,
    "alphaExt7": -0.17316142377805133
  },
  "options": {
    "day_range": 100,
    "threshold_buy": 1.3,
    "threshold_sell": 1.26,
    "order_size": 800
  },
  "exogenous_opt": {
    "_fmt": "%Y-%m-%d",
    "start_date": "2022 8-10",
    "end-date": "2024 10-12",
    "initial_capital": 100000
  },
  "broker_opt": {
    "C_FLAT": 20,
    "C_PERCENT": 0.1,
    "C_TYPE": "NONE"
  }
}
